"id","kode","inggris","indonesia"
"1","A00","Cholera","Kolera"
"2","A000","Cholera due to Vibrio cholerae 01, biovar cholerae","Kolera yang disebabkan oleh Vibrio cholerae 01, biovar cholerae"
"3","A001","Cholera due to Vibrio cholerae 01, biovar el tor","Kolera yang disebabkan oleh Vibrio cholerae 01, biovar el tor"
"4","A009","Cholera, unspecified","Kolera, tidak terspesifikasi"
"5","A01","Typhoid and paratyphoid fevers","Demam tifoid dan paratifoid"
"6","A010","Typhoid fever","Demam tifoid"
"7","A011","Paratyphoid fever A","Demam paratifoid A"
"8","A012","Paratyphoid fever B","Demam paratifoid B"
"9","A013","Paratyphoid fever C","Demam paratifoid C"
"10","A014","Paratyphoid fever, unspecified","Demam paratifoid, tidak terspesifikasi"
"11","A02","Other salmonella infections","Infeksi salmonella lainnya"
"12","A020","Salmonella gastroenteritis","Salmonella gastroenteritis"
"13","A021","Salmonella septicemia","Salmonella septikemia"
"14","A022","Localized salmonella infections","Infeksi salmonella lokal"
"15","A028","Other specified salmonella infections","Infeksi salmonella spesifik lainnya"
"16","A029","Salmonella infection, unspecified","Infeksi salmonella, tidak terspesifikasi"
"17","A03","Shigellosis","Shigellosis"
"18","A030","Shigellosis due to Shigella dysenteriae","Shigellosis yang disebabkan oleh Shigella dysentriae"
"19","A031","Shigellosis due to Shigella flexneri","Shigellosis yang disebabkan oleh Shigella flexneri"
"20","A032","Shigellosis due to Shigella boydii","Shigellosis yang disebabkan oleh Shigella boydii"
"21","A033","Shigellosis due to Shigella sonnei","Shigellosis yang disebabkan oleh Shigella sonnei"
"22","A038","Other shigellosis","Shigellosis lainnya"
"23","A039","Shigellosis, unspecified","Shigellosis, tidak terspesifikasi"
"24","A04","Other bacterial intestinal infections","Infeksi bakteri usus lainnya"
"25","A040","Enteropathogenic Escherichia coli infection","Infeksi Escherichia coli enteropatogenik"
"26","A041","Enterotoxigenic Escherichia coli infection","Infeksi Escherichia coli enterotoksigenik"
"27","A042","Enteroinvasive Escherichia coli infection","Infeksi Escherichia coli enteroinvasif"
"28","A043","Enterohemorrhagic Escherichia coli infection","Infeksi Escherichia coli enterohemoragik"
"29","A044","Other intestinal Escherichia coli infections","Infeksi Escherichia coli lain"
"30","A045","Campylobacter enteritis","Kampilobakter enteritis"
"31","A046","Enteritis due to Yersinia enterocolitica","Enteritis yang disebabkan oleh Yersinia enterocolitica"
"32","A047","Enterocolitis due to Clostridium difficile","Enterokolitis yang disebabkan oleh Clostridium difficile"
"33","A048","Other specified bacterial intestinal infections","Infeksi bakteri usus spesifik lainnya"
"34","A049","Bacterial intestinal infection, unspecified","Infeksi bakteri usus, tidak terspesifikasi"
"35","A05","Other bacterial food-borne intoxications","Intoksikasi (keracunan) bakteri (yang ditularkan lewat) makanan lainnya"
"36","A050","Food-borne staphylococcal intoxication","Intoksikasi (keracunan) stafilokokus melalui makanan"
"37","A051","Botulism","Botulism"
"38","A052","Food-borne Clostridium perfringens [Clostridium welchii] intox","Intoksikasi (keracunan) Clostridium perfringens [Clostridium welchii] mela"
"39","A053","Food-borne Vibrio parahemolyticus intoxication","Intoksikasi (keracunan) Vibrio parahemolyticus melalui makanan"
"40","A054","Food-borne Bacillus cereus intoxication","Intoksikasi (keracunan) Bacillus cereus melalui makanan"
"41","A058","Other specified bacterial food-borne intoxications","Intoksikasi (keracunan) bakteri spesifik lainnya melalui makanan"
"42","A059","Bacterial food-borne intoxication, unspecified","Intoksikasi (keracunan) bakteri melalui makanan, tidak terspesifikasi"
"43","A06","Amoebiasis","Amubiasis"
"44","A060","Acute amebic dysentery","Disenteri amuba akut"
"45","A061","Chronic intestinal amebiasis","Amebiasis (amubiasis) usus kronik"
"46","A062","Amebic nondysenteric colitis","Kolitis nondisenteri amuba"
"47","A063","Ameboma of intestine","Ameboma usus"
"48","A064","Amebic liver abscess","Abses hati yang disebabkan oleh amuba"
"49","A065","Amebic lung abscess","Abses paru yang disebabkan oleh amuba"
"50","A066","Amebic brain abscess","Abses otak yang disebabkan oleh amuba"
"51","A067","Cutaneous amebiasis","Amebiasis (amubiasis) kulit"
"52","A068","Amebic infection of other sites","Infeksi amuba di tempat lain"
"53","A069","Amebiasis, unspecified","Amebiasis (amubiasis), tidak terspesifikasi"
"54","A07","Other protozoal intestinal diseases","Penyakit protozoa usus lainnya"
"55","A070","Balantidiasis","Balantidiasis"
"56","A071","Giardiasis [lambliasis]","Giardiasis [lambliasis]"
"57","A072","Cryptosporidiosis","Kriptosporidiosis"
"58","A073","Isosporiasis","Isosporiasis"
"59","A078","Other specified protozoal intestinal diseases","Penyakit pada usus yang disebabkan oleh protozoa spesifik lainnya"
"60","A079","Protozoal intestinal disease, unspecified","Penyakit pada usus yang disebabkan oleh protozoa, tidak terspesifikasi"
"61","A08","Viral and other specified intestinal infections","Infeksi virus dan infeksi spesifik lainnya pada usus"
"62","A080","Rotaviral enteritis","Enteritis rotavirus"
"63","A081","Acute gastroenteropathy due to Norwalk agent"," Gastroenteropati akut yang disebabkan oleh agen Norwalk"
"64","A082","Adenoviral enteritis","Enteritis Adenovirus"
"65","A083","Other viral enteritis"," Enteritis virus lainnya"
"66","A084","Viral intestinal infection, unspecified"," Infeksi usus yang disebabkan oleh virus tidak terspesifikasi"
"67","A085","Other specified intestinal infections"," Infeksi usus spesifik lainnya"
"68","A09","Diarrhea and gastroenteritis of presumed infectious origin","Diare dan gastroenteritis yang diduga disebabkan oleh infeksi"
"69","A16","Respiratory tuberculosis, not confirmed bacteriologically or his","Tuberkulosis pernafasan yang tidak dikonfirmasi secara bakteriologis ata"
"70","A162","Tuberculosis of lung, without mention of bacteriological or hist","Tuberkulosis pada paru tanpa menyebutkan konfirmasi bakteriologis ata"
"71","A163","Tuberculosis of intrathoracic lymph nodes, without mention of","Tuberkulosis nodus limfatikus dalam dadatanpa menyebutkan konfirma"
"72","A164","Tuberculosis of larynx, trachea, and bronchus, without mentio","Tuberkulosis pada laring"
"73","A165","Tuberculous pleurisy, without mention of bacteriological or his","Tuberkulous pleura"
"74","A167","Primary respiratory tuberculosis, without mention of bacteriolo","Tuberkulosis pernafasan primer tanpa menyebutkan konfirmasi bakteriolo"
"75","A168","Other respiratory tuberculosis, without mention of bacteriologic","Tuberkulosis pernafasan lain"
"76","A169","Respiratory tuberculosis unspecified, without mention of bacte","Tuberkulosis pernafasan tidak terspesifikasi"
"77","A17","Tuberculosis of nervous system","Tuberkulosis pada sistem saraf"
"78","A170","Tuberculous meningitis","Tuberkulous meningitis"
"79","A171","Meningeal tuberculoma"," Tuberkuloma pada mening (selaput otak)"
"80","A178","Other tuberculosis of nervous system","Tuberkulosis lain pada sistem saraf"
"81","A179","Tuberculosis of nervous system, unspecified","Tuberkulosis pada sistem saraf"
"82","A18","Tuberculosis of other organs","Tuberkulosis pada organ-organ lain"
"83","A180","Tuberculosis of bones and joints","Tuberkulosis pada tulang dan sendi"
"84","A181","Tuberculosis of genitourinary system","Tuberkulosis pada sistem genital-kemih"
"85","A182","Tuberculous peripheral lymphadenopathy","Tuberkulous limfadenopati perifer"
"86","A183","Tuberculosis of intestines, peritoneum, and mesenteric glands","Tuberkulosis pada usus"
"87","A184","Tuberculosis of skin and subcutaneous tissue","Tuberkulosis pada kulit dan jaringan subkutan"
"88","A185","Tuberculosis of eye","Tuberkulosis pada mata"
"89","A186","Tuberculosis of ear","Tuberkulosis pada telinga"
"90","A187","Tuberculosis of adrenal glands"," Tuberkulosis pada kelenjar adrenal"
"91","A188","Tuberculosis of other specified organs","Tuberkulosis organ-organ spesifik lainnya"
"92","A19","Miliary tuberculosis","Tuberkulosis miliar"
"93","A190","Acute miliary tuberculosis of a single specified site","Tuberkulosis miliar akut pada satu lokasi khusus"
"94","A191","Acute miliary tuberculosis of multiple sites","Tuberkulosis miliar akut pada banyak tempat"
"95","A192","Acute miliary tuberculosis, unspecified","Tuberkulosis miliar akut, tidak terspesifikasi"
"96","A198","Other miliary tuberculosis","Tuberkulosis miliar lainnya"
"97","A199","Miliary tuberculosis, unspecified","Tuberkulosis miliar, tidak terspesifikasi"
"98","A20","Plague","Pes"
"99","A200","Bubonic plague","Pes dengan bubo"
"100","A201","Cellulocutaneous plague","Pes jenis selulokutan"
"101","A202","Pneumonic plague","Pes yang menyerang paru"
"102","A203","Plague meningitis","Pes yang mengakibatkan meningitis"
"103","A207","Septicemic plague","Pes septikemi"
"104","A208","Other forms of plague","Bentuk-bentuk lain dari pes"
"105","A209","Plague, unspecified","Pes, tidak terspesifikasi"
"106","A21","Tularemia","Tularemia"
"107","A210","Ulceroglandular tularemia","Tularemia jenis ulseroglandula"
"108","A211","Oculoglandular tularemia","Tularemia jenis okuloglandula"
"109","A212","Pulmonary tularemia","Tularemia paru"
"110","A213","Gastrointestinal tularemia","Tularemia lambung dan usus"
"111","A217","Generalized tularemia","Tularemia general"
"112","A218","Other forms of tularemia","Bentuk-bentuk lain dari tularemia"
"113","A219","Tularemia, unspecified","Tularemia, tidak terspesifikasi"
"114","A22","Anthrax","Antraks"
"115","A220","Cutaneous anthrax","Antraks yang menyerang kulit"
"116","A221","Pulmonary anthrax","Antraks yang menyerang paru"
"117","A222","Gastrointestinal anthrax","Antraks yang menyerang lambung dan usus"
"118","A227","Anthrax septicemia","Antraks septikemia"
"119","A228","Other forms of anthrax","Bentuk-bentuk lain dari antraks"
"120","A229","Anthrax, unspecified","Antraks, tidak terspesifikasi"
"121","A23","Brucellosis","Brusellosis"
"122","A230","Brucellosis due to Brucella melitensis","Brusellosis yang disebabkan oleh Brucella melitensis"
"123","A231","Brucellosis due to Brucella abortus","Brusellosis yang disebabkan oleh Brucella abortus"
"124","A232","Brucellosis due to Brucella suis","Brusellosis yang disebabkan oleh Brucella suis"
"125","A233","Brucellosis due to Brucella canis","Brusellosis yang disebabkan oleh Brucella canis"
"126","A238","Other brucellosis","Brusellosis lainnya"
"127","A239","Brucellosis, unspecified","Brusellosis, tidak terspesifikasi"
"128","A24","Glanders and melioidosis","Glanders dan melioidosis"
"129","A240","Glanders","Glanders"
"130","A241","Acute and fulminating melioidosis","Melioidosis akut dan fulminan"
"131","A242","Subacute and chronic melioidosis","Melioidosis subakut dan kronik"
"132","A243","Other melioidosis","Melioidosis lainnya"
"133","A244","Melioidosis, unspecified","Melioidosis, tidak terspesifikasi"
"134","A25","Rat-bite fevers","Demam akibat gigitan tikus (rat)"
"135","A250","Spirillosis","Spirillosis"
"136","A251","Streptobacillosis","Streptobasillosis"
"137","A259","Rat-bite fever, unspecified","Demam akibat gigitan tikus (rat), tidak terspesifikasi"
"138","A26","Erysipeloid","Erisipeloid"
"139","A260","Cutaneous erysipeloid","Erisipeloid pada kulit"
"140","A267","Erysipelothrix septicemia","Erisipelotriks septikemia"
"141","A268","Other forms of erysipeloid","Bentuk-bentuk lain dari erisipeloid"
"142","A269","Erysipeloid, unspecified","Erisipeloid, tidak terspesifikasi"
"143","A27","Leptospirosis","Leptospirosis"
"144","A270","Leptospirosis icterohemorrhagica","Leptospirosis icterohemorrhagica"
"145","A278","Other forms of leptospirosis","Bentuk-bentuk lain dari leptospirosis"
"146","A279","Leptospirosis, unspecified","Leptospirosis, tidak terspesifikasi"
"147","A28","Other zoonotic bacterial diseases, not elsewhere classified","Penyakit bakterial lain yang ditularkan melalui hewan, tidak terklasifikasi d"
"148","A280","Pasteurellosis","Pasteurellosis"
"149","A281","Cat-scratch disease","Penyakit cakaran kucing"
"150","A282","Extraintestinal yersiniosis","Yersiniosis diluar usus"
"151","A288","Other specified zoonotic bacterial diseases, not elsewhere cla","Penyakit bakterial spesifik lain yang ditularkan melalui hewan, tidak terkla"
"152","A289","Zoonotic bacterial disease, unspecified","Penyakit bakterial yang ditularkan melalui hewan, tidak terspesifikasi"
"153","A30","Leprosy [Hansens disease]","Lepra [Penyakit Hansen]"
"154","A300","Indeterminate leprosy","? Lepra yang tidak dapat ditetapkan"
"155","A301","Tuberculoid leprosy","Lepra tuberkuloid"
"156","A302","Borderline tuberculoid leprosy","Lepra tuberkuloid borderline"
"157","A303","Borderline leprosy","Lepra borderline"
"158","A304","Borderline lepromatous leprosy","Lepra lepromatosa borderline"
"159","A305","Lepromatous leprosy","Lepra lepromatosa"
"160","A308","Other forms of leprosy","Bentuk-bentuk lain dari lepra"
"161","A309","Leprosy, unspecified","Lepra, tidak terspesifikasi"
"162","A31","Infection due to other mycobacteria","Infeksi karena mikobakteria lainnya"
"163","A310","Pulmonary mycobacterial infection","Infeksi mikobakter pada paru"
"164","A311","Cutaneous mycobacterial infection","Infeksi mikobakter pada kulit"
"165","A318","Other mycobacterial infections","Infeksi mikobakter lainnya"
"166","A319","Mycobacterial infection, unspecified","Infeksi mikobakter, tidak terspesifikasi"
"167","A32","Listeriosis","Listeriosis"
"168","A320","Cutaneous listeriosis","Listeriosis kulit"
"169","A321","Listerial meningitis and meningoencephalitis","Listeria meningitis dan meningoensefalitis"
"170","A327","Listerial septicemia","Listeria septikemi"
"171","A328","Other forms of listeriosis","Bentuk-bentuk lain dari listeriosis"
"172","A329","Listeriosis, unspecified","Listeriosis, tidak terspesifikasi"
"173","A33","Tetanus neonatorum","Tetanus neonatorum"
"174","A34","Obstetrical tetanus","Tetanus yang terkait dengan kebidanan"
"175","A35","Other tetanus","Tetanus lainnya"
"176","A36","Diphtheria","Difteria"
"177","A360","Pharyngeal diphtheria","Difteria faring"
"178","A361","Nasopharyngeal diphtheria","Difteria nasofaring"
"179","A362","Laryngeal diphtheria","Difteria laring"
"180","A363","Cutaneous diphtheria","Difteria kulit"
"181","A368","Other diphtheria","Difteria lainnya"
"182","A369","Diphtheria, unspecified","Difteria, tidak terspesifikasi"
"183","A37","Whooping cough","Batuk rejan"
"184","A370","Whooping cough due to Bordetella pertussis","Batuk rejan yang disebabkan oleh Bordatella pertussis"
"185","A371","Whooping cough due to Bordetella parapertussis","Batuk rejan yang disebabkan oleh Bordatella parapertusis"
"186","A378","Whooping cough due to other Bordetella species","Batuk rejan yang disebabkan oleh Bordatella species"
"187","A379","Whooping cough, unspecified","Batuk rejan, tidak terspesifikasi"
"188","A38","Scarlet fever","Demam skarlet"
"189","A39","Meningococcal infection","Infeksi meningokokus"
"190","A390","Meningococcal meningitis","Meningitis meningokokus"
"191","A391","Waterhouse-Friderichsen syndrome","Sindrom Waterhouse-Friderichsen"
"192","A392","Acute meningococcemia","Meningokoksemia akut"
"193","A393","Chronic meningococcemia","Meningokoksemia kronik"
"194","A394","Meningococcemia, unspecified","Meningokoksemia, tidak terspesifikasi"
"195","A395","Meningococcal heart disease","Penyakit jantung akibat meningokokus"
"196","A398","Other meningococcal infections","Infeksi meningokokus lainnya"
"197","A399","Meningococcal infection, unspecified","Infeksi meningokokus, tidak terspesifikasi"
"198","A40","Streptococcal septicemia","Septikemia yang disebabkan oleh streptokokus"
"199","A400","Septicemia due to streptococcus, group A","Septikemia yang disebabkan oleh Streptokokus, grup A"
"200","A401","Septicemia due to streptococcus, group B","Septikemia yang disebabkan oleh Streptokokus, grup B"
"201","A402","Septicemia due to streptococcus, group D","Septikemia yang disebabkan oleh Streptokokus, grup D"
"202","A403","Septicemia due to Streptococcus pneumoniae","Septikemia yang disebabkan oleh Streptokokus pneumoniae"
"203","A408","Other streptococcal septicemia","Septikemia yang disebabkan oleh Streptokokus lainnya"
"204","A409","Streptococcal septicemia, unspecified","Septikemi yang disebabkan oleh streptokokus, tidak terspesifikasi"
"205","A41","Other septicemia","Septikemia lainnya"
"206","A410","Septicemia due to Staphylococcus aureus","Septikemi yang disebabkan oleh Stafilokokus aureus"
"207","A411","Septicemia due to other specified staphylococcus","Septikemi yang disebabkan oleh stafilokokus spesifik lainnya"
"208","A412","Septicemia due to unspecified staphylococcus","Septikemi yang disebabkan oleh stafilokokus tidak terspesifikasi"
"209","A413","Septicemia due to Hemophilus influenzae","Septikemia yang disebabkan oleh Hemofilus influenzae"
"210","A414","Septicemia due to anaerobes","Septikemia yang disebabkan oleh organisme anaerob"
"211","A415","Septicemia due to other Gram-negative organisms","Septikemia yang disebabkan oleh organisme Gram-negatif lainnya"
"212","A418","Other specified septicemia","Septikemia spesifik lainnya"
"213","A419","Septicemia, unspecified","Septikemia, tidak terspesifikasi"
"214","A42","Actinomycosis","Aktinomikosis"
"215","A420","Pulmonary actinomycosis","Aktinomikosis paru"
"216","A421","Abdominal actinomycosis","Aktinomikosis perut"
"217","A422","Cervicofacial actinomycosis","Aktinomikosis leher dan wajah"
"218","A427","Actinomycotic septicemia","Septikemia yang disebabkan oleh aktinomikotik"
"219","A428","Other forms of actinomycosis","Bentuk-bentuk lain dari aktinomikosis"
"220","A429","Actinomycosis, unspecified","Aktinomikosis, tidak terspesifikasi"
"221","A43","Nocardiosis","Nokardiosis"
"222","A430","Pulmonary nocardiosis","Nokardiosis paru"
"223","A431","Cutaneous nocardiosis","Nokardiosis kulit"
"224","A438","Other forms of nocardiosis","Bentuk-bentuk lain dari nokardiosis"
"225","A439","Nocardiosis, unspecified","Nokardiosis, tidak terspesifikasi"
"226","A44","Bartonellosis","Bartonellosis"
"227","A440","Systemic bartonellosis","Bartonellosis sistemik"
"228","A441","Cutaneous and mucocutaneous bartonellosis","Bartonellosis kulit dan mukosa-kulit"
"229","A448","Other forms of bartonellosis","Bentuk-bentuk lain dari bartonellosis"
"230","A449","Bartonellosis, unspecified","Bartonellosis, tidak terspesifikasi"
"231","A46","Erysipelas","Erisipelas"
"232","A48","Other bacterial diseases, not elsewhere classified","Penyakit-penyakit yang disebabkan oleh bakteri lainnya, tidak terklasifika"
"233","A480","Gas gangrene","Gas gangren"
"234","A481","Legionnaires disease","Penyakit Legionnaires"
"235","A482","Nonpneumonic Legionnaires disease [Pontiac fever]","Penyakit Legionnaires non paru [Demam Pontiac]"
"236","A483","Toxic shock syndrome","Sindrom syok toksik"
"237","A484","Brazilian purpuric fever","Demam purpura Brazil"
"238","A488","Other specified bacterial diseases","Penyakit-penyakit yang disebabkan oleh bakteri spesifik lainnya"
"239","A49","Bacterial infection of unspecified site","Infeksi yang disebabkan oleh bakteri pada tempat yang tidak terspesifika"
"240","A490","Staphylococcal infection, unspecified","Infeksi stafilokokus, tidak terspesifikasi"
"241","A491","Streptococcal infection, unspecified","Infeksi streptokokus, tidak terspesifikasi"
"242","A492","Hemophilus influenzae infection, unspecified","Infeksi Hemofilus influenzae, tidak terspesifikasi"
"243","A493","Mycoplasma infection, unspecified","Infeksi mikoplasma, tidak terspesifikasi"
"244","A498","Other bacterial infections of unspecified site","Infeksi yang disebabkan oleh bakteri lainnya pada tempat yang tidak ters"
"245","A499","Bacterial infection, unspecified","Infeksi yang disebabkan oleh bakteri, tidak terspesifikasi"
"246","A50","Congenital syphilis","Sifilis kongenital"
"247","A500","Early congenital syphilis, symptomatic","Sifilis kongenital dini, simptomatik"
"248","A501","Early congenital syphilis, latent","Sifilis kongenital dini, latent"
"249","A502","Early congenital syphilis, unspecified","Sifilis kongenital dini, tidak terspesifikasi"
"250","A503","Late congenital syphilitic oculopathy","Sifilis kongenital lanjut okulopati"
"251","A504","Late congenital neurosyphilis [juvenile neurosyphilis]","Neurosifilis kongenital lanjut [juvenile neurosifilis]"
"252","A505","Other late congenital syphilis, symptomatic","Sifilis kongenital lanjut lainnya, simptomatik"
"253","A506","Late congenital syphilis, latent","Sifilis kongenital lanjut, latent"
"254","A507","Late congenital syphilis, unspecified","Sifilis kongenital lanjut, tidak terspesifikasi"
"255","A509","Congenital syphilis, unspecified","Sifilis kongenital, tidak terspesifikasi"
"256","A51","Early syphilis","Sifilis dini"
"257","A510","Primary genital syphilis","Sifilis genital primer"
"258","A511","Primary anal syphilis","Sifilis anal primer"
"259","A512","Primary syphilis of other sites","Sifilis primer pada tempat-tempat lain"
"260","A513","Secondary syphilis of skin and mucous membranes","Sifilis sekunder pada kulit dan membran mukosa"
"261","A514","Other secondary syphilis","Sifilis sekunder lainnya"
"262","A515","Early syphilis, latent","Sifilis dini, latent"
"263","A519","Early syphilis, unspecified","Sifilis dini, tidak terspesifikasi"
"264","A52","Late syphilis","Sifilis lanjut"
"265","A520","Cardiovascular syphilis","Sifilis kardiovascular"
"266","A521","Symptomatic neurosyphilis","Neurosifilis simptomatik"
"267","A522","Asymptomatic neurosyphilis","Neurosifilis asimptomatik"
"268","A523","Neurosyphilis, unspecified","Neurosifilis, tidak terspesifikasi"
"269","A527","Other symptomatic late syphilis","Sifilis simptomatik lanjut lainnya"
"270","A528","Late syphilis, latent","Sifilis lanjut, latent"
"271","A529","Late syphilis, unspecified","Sifilis lanjut, tidak terspesifikasi"
"272","A53","Other and unspecified syphilis","Sifilis lain dan tidak terspesifikasi"
"273","A530","Latent syphilis, unspecified as early or late","Sifilis latent, tidak terspesifikasi sebagai dini atau lanjut"
"274","A539","Syphilis, unspecified","Sifilis, tidak terspesifikasi"
"275","A54","Gonococcal infection","Infeksi Gonokokus"
"276","A540","Gonococcal infection of lower genitourinary tract without p","eriu Infeksi Gonokokus pada saluran genital-kemih bawah t"
"277","A541","Gonococcal infection of lower genitourinary tract with peri","urethInfeksi Gonokokus pada saluran genital-kemih bawah d"
"278","A542","Gonococcal pelviperitonitis and other gonococcal genitou","rinar Peritonitis panggul dan infeksi genital-kemih lain yang d"
"279","A543","Gonococcal infection of eye","Infeksi Gonokokus pada mata"
"280","A544","Gonococcal infection of musculoskeletal system","Infeksi Gonokokus pada sistem otot-rangka (muskuloskeletal)"
"281","A545","Gonococcal pharyngitis","Faringitis yang disebabkan oleh Gonokokus"
"282","A546","Gonococcal infection of anus and rectum","Infeksi gonokokus pada anus dan rektum"
"283","A548","Other gonococcal infections","Infeksi gonokokus lainnya"
"284","A549","Gonococcal infection, unspecified","Infeksi gonokokus, tidak terspesifikasi"
"285","A55","Chlamydial lymphogranuloma (venereum)","Limfogranuloma (venereum) yang disebabkan oleh klamidia"
"286","A56","Other sexually transmitted chlamydial diseases","Penyakit menular seksual lain yang disebabkan oleh klamidia"
"287","A560","Chlamydial infection of lower genitourinary tract","Infeksi klamidia pada saluran genital-kemih bawah"
"288","A561","Chlamydial infection of pelviperitoneum and other genitourina","Infeksi klamidia pada peritoneum panggul dan organ-organ genital-kemih"
"289","A562","Chlamydial infection of genitourinary tract, unspecified","Infeksi klamidia pada saluran genital-kemih, tidak terspesifikasi"
"290","A563","Chlamydial infection of anus and rectum","Infeksi klamidia pada anus dan rektum"
"291","A564","Chlamydial infection of pharynx","Infeksi klamidia pada faring"
"292","A568","Sexually transmitted chlamydial infection of other sites","Infeksi klamidia pada tempat lain yang ditularkan melalui hubungan seks"
"293","A57","Chancroid","Kankroid"
"294","A58","Granuloma inguinale","Granuloma inguinale"
"295","A59","Trichomoniasis","Trikomoniasis"
"296","A590","Urogenital trichomoniasis","Trikomoniasis urogenital"
"297","A598","Trichomoniasis of other sites","Trikomoniasis pada tempat lain"
"298","A599","Trichomoniasis, unspecified","Trikomoniasis, tidak terspesifikasi"
"299","A60","Anogenital herpes-viral [herpes simplex] infection","Infeksi virus herpes [herpes simpleks] pada anogenital"
"300","A600","Herpes-viral infection of genitalia and urogenital tract","Infeksi virus herpes pada genital dan saluran urogenital"
"301","A601","Herpes-viral infection of perianal skin and rectum","Infeksi virus herpes pada kulit perianal dan rektum"
"302","A609","Anogenital herpes-viral infection, unspecified","Infeksi virus herpes pada anogenital, tidak terspesifikasi"
"303","A63","Other predominantly sexually transmitted diseases, not elsewh","Penyakit-penyakit spesifik lainnya yang terutama ditularkan melalui hubu"
"304","A630","Anogenital (venereal) warts","? Kutil (venereal) pada anogenital"
"305","A638","Other specified predominantly sexually transmitted diseases","Penyakit-penyakit spesifik lainnya yang terutama ditularkan melalui hubu"
"306","A64","Unspecified sexually transmitted disease","Penyakit menular seksual tidak terspesifikasi"
"307","A65","Nonvenereal syphilis","Sifilis nonveneral"
"308","A66","Yaws","Yaws"
"309","A660","Initial lesions of yaws","Lesi permulaan yaws"
"310","A661","Multiple papillomata and wet crab yaws","Papillomata multiple dan wet crab yaws"
"311","A662","Other early skin lesions of yaws","Lesi awal lain pada yaws"
"312","A663","Hyperkeratosis of yaws","Hiperkeratosis pada yaws"
"313","A664","Gummata and ulcers of yaws","Gummata dan ulsers pada yaws"
"314","A665","Gangosa","Gangosa"
"315","A666","Bone and joint lesions of yaws","Lesi tulang dan persendian pada yaws"
"316","A667","Other manifestations of yaws","Manifestasi lain dari yaws"
"317","A668","Latent yaws","Yaws latent"
"318","A669","Yaws, unspecified","Yaws, tidak terspesifikasi"
"319","A67","Pinta [carate]","Pinta [carate]"
"320","A670","Primary lesions of pinta","Lesi primer pinta"
"321","A671","Intermediate lesions of pinta","Lesi intermediate pinta"
"322","A672","Late lesions of pinta","Lesi lanjut pinta"
"323","A673","Mixed lesions of pinta","Lesi campuran pinta"
"324","A679","Pinta, unspecified","Pinta, tidak terspesifikasi"
"325","A68","Relapsing fevers","Relapsing fever"
"326","A680","Louse-borne relapsing fever","Relapsing fever yang ditularkan melalui kutu (louse)"
"327","A681","Tick-borne relapsing fever","Relapsing fever yang ditularkan melalui kutu (tick)"
"328","A689","Relapsing fever, unspecified","Relapsing fever, tidak terspesifikasi"
"329","A69","Other spirochetal infections","Infeksi yang disebabkan oleh spirokaet lainnya"
"330","A690","Necrotizing ulcerative stomatitis","Stomatitis necrotizing ulseratif"
"331","A691","Other Vincents infections","Infeksi Vincent lainnya"
"332","A692","Lyme disease","Penyakit Lyme"
"333","A698","Other specified spirochetal infections","Infeksi spesifik lain yang disebabkan oleh spiroket"
"334","A699","Spirochetal infection, unspecified","Infeksi (yang disebabkan oleh spiroket), tidak terspesifikasi"
"335","A70","Chlamydia psittaci infection","Infeksi Chlamydia psittaci"
"336","A71","Trachoma","Trakoma"
"337","A710","Initial stage of trachoma","Trakoma tahap awal"
"338","A711","Active stage of trachoma","Trakoma tahap aktif"
"339","A719","Trachoma, unspecified","Trakoma, tidak terspesifikasi"
"340","A74","Other diseases caused by chlamydiae","Penyakit-penyakit klamidia lainnya"
"341","A740","Chlamydial conjunctivitis","Konjungtivitis yang disebabkan oleh klamidia"
"342","A748","Other chlamydial diseases","Penyakit klamidia lainnya"
"343","A749","Chlamydial infection, unspecified","Infeksi yang disebabkan oleh klamidia, tidak terspesifikasi"
"344","A75","Typhus fever","Demam tifus"
"345","A750","Epidemic louse-borne typhus fever due to Rickettsia","prowazekEpidemi demam tifus yang ditularkan melalui kutu (louse) yang disebabk"
"346","A751","Recrudescent typhus [Brills disease]","Tifus recrudescent [Brills disease]"
"347","A752","Typhus fever due to Rickettsia typhi","Demam tifus yang disebabkan oleh Rickettsia typhi"
"348","A753","Typhus fever due to Rickettsia tsutsugamushi","Demam tifus yang disebabkan oleh Rickettsia tsutsugamushi"
"349","A759","Typhus fever, unspecified","Demam tifus, tidak terspesifikasi"
"350","A77","Spotted fever [tick-borne rickettsioses]","Demam bercak [ricketsiosis yang ditularkan melalui tick]"
"351","A770","Spotted fever due to Rickettsia rickettsii","Demam bercak yang disebabkan oleh Rickettsia rickettsii"
"352","A771","Spotted fever due to Rickettsia conorii","Demam bercak yang disebabkan oleh Rickettsia conorii"
"353","A772","Spotted fever due to Rickettsia siberica","Demam bercak yang disebabkan oleh Rickettsia siberica"
"354","A773","Spotted fever due to Rickettsia australis","Demam bercak yang disebabkan oleh Rickettsia australis"
"355","A778","Other spotted fevers","Demam bercak lainnya"
"356","A779","Spotted fever, unspecified","Demam bercak, tidak terspesifikasi"
"357","A78","Q fever","Demam Q"
"358","A79","Other rickettsioses","Rickettsiosis lainnya"
"359","A790","Trench fever","Demam trench"
"360","A791","Rickettsialpox due to Rickettsia akari","Rickettsialpoks yang disebabkan oleh Rickettsia akari"
"361","A798","Other specified rickettsioses","Rickettsiosis spesifik lainnya"
"362","A799","Rickettsiosis, unspecified","Rickettsiosis, tidak terspesifikasi"
"363","A80","Acute poliomyelitis","Poliomielitis akut"
"364","A800","Acute paralytic poliomyelitis, vaccine-associated","Poliomielitis paralitik akut, terkait dengan vaksin"
"365","A801","Acute paralytic poliomyelitis, wild virus, imported","Poliomielitis paralitik akut, virus ganas, dari luar"
"366","A802","Acute paralytic poliomyelitis, wild virus, indigenous","Poliomielitis paralitik akut, virus ganas, setempat"
"367","A803","Acute paralytic poliomyelitis, other and unspecified","Poliomielitis paralitik akut, lainnya dan tidak terspesifikasi"
"368","A804","Acute nonparalytic poliomyelitis","Poliomielitis nonparalitik akut"
"369","A809","Acute poliomyelitis, unspecified","Poliomielitis akut, tidak terspesifikasi"
"370","A81","Atypical virus infections of central nervous system","Infeksi virus atypical pada sistem saraf pusat"
"371","A810","Creutzfeldt-Jakob disease","Penyakit Creutzfeldt-Jakob"
"372","A811","Subacute sclerosing panencephalitis","Panensefalitis sklerosing subakut"
"373","A812","Progressive multifocal leukoencephalopathy","Leukoensefalopati multifokal progresif"
"374","A818","Other atypical virus infections of central nervous system","Infeksi virus atypical lainnya pada sistem saraf pusat"
"375","A819","Atypical virus infection of central nervous system, unspecified","Infeksi virus atypical pada sistem saraf pusat, tidak terspesifikasi"
"376","A82","Rabies","Rabies"
"377","A820","Sylvatic rabies","Rabies silvatik"
"378","A821","Urban rabies","Rabies urban"
"379","A829","Rabies, unspecified","Rabies, tidak terspesifikasi"
"380","A83","Mosquito-borne viral encephalitis","Ensefalitis virus yang ditularkan melalui nyamuk"
"381","A830","Japanese encephalitis","Ensefalitis Jepang"
"382","A831","Western equine encephalitis","Ensefalitis Western equine"
"383","A832","Eastern equine encephalitis","Ensefalitis Eastern equine"
"384","A833","St. Louis encephalitis","Ensefalitis St. Louis"
"385","A834","Australian encephalitis","Ensefalitis Australia"
"386","A835","California encephalitis","Ensefalitis California"
"387","A836","Rocio virus disease","Penyakit virus Rocio"
"388","A838","Other mosquito-borne viral encephalitis","Ensefalitis virus lain yang ditularkan melalui nyamuk"
"389","A839","Mosquito-borne viral encephalitis, unspecified","Ensefalitis virus yang ditularkan melalui nyamuk, tidak terspesifikasi"
"390","A84","Tick-borne viral encephalitis","Ensefalitis virus yang ditularkan melalui kutu (tick)"
"391","A840","Far Eastern tick-borne encephalitis [Russian spring-summer e","Ensefalitis yang ditularkan melalui kutu (tick) Timur Jauh [Russian spring-"
"392","A841","Central European tick-borne encephalitis","Ensefalitis yang ditularkan melalui kutu (tick) Eropa Tengah"
"393","A848","Other tick-borne viral encephalitis","Ensefalitis virus lain yang ditularkan melalui kutu (tick)"
"394","A849","Tick-borne viral encephalitis, unspecified","Ensefalitis virus yang ditularkan melalui kutu (tick), tidak terspesifikasi"
"395","A85","Other viral encephalitis, not elsewhere classified","Ensefalitis viral lainnya, tidak terklasifikasi ditempat lain"
"396","A850","Enteroviral encephalitis","Ensefalitis enterovirus"
"397","A851","Adenoviral encephalitis","Ensefalitis adenovirus"
"398","A852","Arthropod-borne viral encephalitis, unspecified","Ensefalitis virus yang ditularkan melalui artropoda, tidak terspesifikasi"
"399","A858","Other specified viral encephalitis","Ensefalitis virus spesifik lain"
"400","A86","Unspecified viral encephalitis","Ensefalitis virus tidak terspesifikasi"
"401","A87","Viral meningitis","Meningitis virus"
"402","A870","Enteroviral meningitis","Meningitis enterovirus"
"403","A961","Machupo hemorrhagic fever","Demam berdarah Machupo"
"404","A962","Lassa fever","Demam Lassa"
"405","A968","Other arenaviral hemorrhagic fevers","Demam berdarah lain yang disebabkan oleh Arenavirus"
"406","A969","Arenaviral hemorrhagic fever, unspecified","Demam berdarah yang disebabkan oleh Arenavirus, tidak terspesifikasi"
"407","A98","Other viral hemorrhagic fevers, not elsewhere classified","Demam berdarah lain yang disebabkan oleh virus, tidak terklasifikasi dite"
"408","A980","Crimean-Congo hemorrhagic fever","Demam berdarah Crimean-Congo"
"409","A981","Omsk hemorrhagic fever","Demam berdarah Omsk"
"410","A982","Kyasanur Forest disease","Penyakit Kysanur Forest"
"411","A983","Marburg virus disease","Penyakit virus Marburg"
"412","A984","Ebola virus disease","Penyakit virus Ebola"
"413","A985","Hemorrhagic fever with renal syndrome","Demam berdarah dengan sindrom renal"
"414","A988","Other specified viral hemorrhagic fevers","Demam berdarah spesifik lain yang disebabkan oleh virus"
"415","A99","Unspecified viral hemorrhagic fever","Demam berdarah tidak terspesifikasi yang disebabkan oleh virus"
"416","B00","Herpes-viral [herpes simplex] infections","Infeksi virus herpes [herpes simpleks]"
"417","B000","Eczema herpeticum","Eczema herpeticum"
"418","B001","Herpes-viral vesicular dermatitis","Dermatitis vesikular yang disebabkan oleh virus herpes"
"419","B002","Herpes-viral gingivostomatitis and pharyngotonsillitis","Gingivostomatitis dan faringotonsilitis yang disebabkan oleh virus herpes"
"420","B003","Herpes-viral meningitis","Meningitis yang disebabkan oleh virus herpes"
"421","B004","Herpes-viral encephalitis","Ensefalitis yang disebabkan oleh virus herpes"
"422","B005","Herpes-viral ocular disease","Penyakit mata (okular) yang disebabkan oleh virus herpes"
"423","B007","Disseminated herpes-viral disease","Penyakit yang disebabkan oleh virus herpes menyebar"
"424","B008","Other forms of herpes-viral infection","Bentuk-bentuk lain dari infeksi virus herpes"
"425","B009","Herpes-viral infection, unspecified","Infeksi herpes virus, tidak terspesifikasi"
"426","B01","Varicella [chickenpox]","Cacar air"
"427","B010","Varicella meningitis","Meningitis cacar air"
"428","B011","Varicella encephalitis","Ensefalitis cacar air"
"429","B012","Varicella pneumonia","Pneumonia cacar air"
"430","B018","Varicella with other complications","Cacar air dengan komplikasi lain"
"431","B019","Varicella without complications","Cacar air tanpa komplikasi"
"432","B02","Zoster [herpes zoster]","Zoster [herpes zoster]"
"433","B020","Zoster encephalitis","Ensefalitis zoster"
"434","B021","Zoster meningitis","Meningitis zoster"
"435","B022","Zoster with other nervous system involvement","Zoster dengan keterlibatan sistem saraf lain"
"436","B023","Zoster ocular disease","Penyakit mata (okular) zoster"
"437","B027","Disseminated zoster","Zoster yang meluas"
"438","B028","Zoster with other complications","Zoster dengan komplikasi lain"
"439","B029","Zoster without complication","Zoster tanpa komplikasi"
"440","B03","Smallpox","Cacar"
"441","B04","Monkeypox","Cacar monyet"
"442","B05","Measles","Campak"
"443","B050","Measles complicated by encephalitis","Campak dengan komplikasi ensefalitis"
"444","B051","Measles complicated by meningitis","Campak dengan komplikasi meningitis"
"445","B052","Measles complicated by pneumonia","Campak dengan komplikasi pneumonia"
"446","B053","Measles complicated by otitis media","Campak dengan komplikasi otitis media"
"447","B054","Measles with intestinal complications","Campak dengan komplikasi usus"
"448","B058","Measles with other complications","Campak dengan komplikasi lain"
"449","B059","Measles without complication","Campak tanpa komplikasi"
"450","B06","Rubella [German measles]","Rubella [Campak Jerman]"
"451","B060","Rubella with neurological complications","Rubella dengan komplikasi neurologis"
"452","B068","Rubella with other complications","Rubella dengan komplikasi lain"
"453","B069","Rubella without complication","Rubella tanpa komplikasi"
"454","B07","Viral warts","Kutil yang disebabkan oleh virus"
"455","B08","Other viral infections characterized by skin and mucous memb","Infeksi virus lain yang ditandai oleh lesi-lesi pada kulit dan membran"
"456","B080","Other orthopoxvirus infections","Infeksi ortopoksvirus lainnya"
"457","B081","Molluscum contagiosum","Molluskum kontagiosum"
"458","B082","Exanthema subitum [sixth disease]","Eksantema subitum"
"459","B083","Erythema infectiosum [fifth disease]","Erytema infectiosum"
"460","B084","Enteroviral vesicular stomatitis with exanthem","Stomatitis vesikular yang disebabkan oleh enterovirus disertai eksantem"
"461","B085","Enteroviral vesicular pharyngitis","Faringitis vesikular yang disebabkan oleh Enterovirus"
"462","B088","Other specified viral infections characterized by skin","and mucoInfeksi virus spesifik lain yang ditandai dengan lesi-lesi pada kulit dan me"
"463","B09","Unspecified viral infection characterized by skin and","mucous mInfeksi virus tidak terspesifikasi yang ditandai lesi-lesi pada kulit dan mem"
"464","B15","Acute hepatitis A","Hepatitis A akut"
"465","B150","Hepatitis A with hepatic coma","Hepatitis A dengan koma hepatik"
"466","B159","Hepatitis A without hepatic coma","Hepatitis A tanpa koma hepatik"
"467","B16","Acute hepatitis B","Hepatitis B akut"
"468","B160","Acute hepatitis B with delta-agent (coinfection)","with hepatic coHepatitis B akut dengan agen-delta (koinfeksi) dengan koma hepatik"
"469","B161","Acute hepatitis B with delta-agent (coinfection)","without hepaticHepatitis B akut dengan agen-delta (koinfeksi) tanpa koma hepatik"
"470","B162","Acute hepatitis B without delta-agent with hepatic coma","Hepatitis B akut tanpa agen-delta dengan koma hepatik"
"471","B169","Acute hepatitis B without delta-agent and without hepatic com","Hepatitis B akut tanpa agen-delta dan tanpa koma hepatik"
"472","B17","Other acute viral hepatitis","Hepatitis virus akut lainnya"
"473","B170","Acute delta-(super) infection of hepatitis B carrier","Infeksi delta-(super) akut dari pembawa hepatitis B"
"474","B171","Acute hepatitis C","Hepatitis C akut"
"475","B172","Acute hepatitis E","Hepatitis E akut"
"476","B178","Other specified acute viral hepatitis","Hepatitis virus akut spesifik lainnya"
"477","B18","Chronic viral hepatitis","Hepatitis virus kronik"
"478","B180","Chronic viral hepatitis B with delta-agent","Hepatitis virus B kronik dengan agen-delta"
"479","B181","Chronic viral hepatitis B without delta-agent","Hepatitis virus B kronik tanpa agen-delta"
"480","B182","Chronic viral hepatitis C","Hepatitis virus C kronik"
"481","B188","Other chronic viral hepatitis","Hepatitis virus kronik lainnya"
"482","B189","Chronic viral hepatitis, unspecified","Hepatitis virus kronik, tidak terspesifikasi"
"483","B19","Unspecified viral hepatitis","Hepatitis virus tidak terspesifikasi"
"484","B190","Unspecified viral hepatitis with coma","Hepatitis virus tidak terspesifikasi disertai koma"
"485","B199","Unspecified viral hepatitis without coma","Hepatitis virus tidak terspesifikasi tanpa disertai koma"
"486","B20","Human immunodeficiency virus [HIV] disease resulting in","infecPenyakit akibat virus yang melemahkan kekebalan tubuh manusia [HIV]"
"487","B200","HIV disease resulting in mycobacterial infection","Penyakit HIV yang mengakibatkan infeksi mikobakteria"
"488","B201","HIV disease resulting in other bacterial infections","Penyakit HIV yang mengakibatkan infeksi bakteri lain"
"489","B202","HIV disease resulting in cytomegaloviral disease","Penyakit HIV yang mengakibatkan penyakit sitomegalovirus"
"490","B203","HIV disease resulting in other viral infections","Penyakit HIV yang mengakibatkan infeksi virus lain"
"491","B204","HIV disease resulting in candidiasis","Penyakit HIV yang mengakibatkan candidiasis"
"492","B205","HIV disease resulting in other mycoses","Penyakit HIV yang mengakibatkan mikosis"
"493","B206","HIV disease resulting in Pneumocystis carinii pneumonia","Penyakit HIV yang mengakibatkan pneumonia Pneumosistis carinii"
"494","B207","HIV disease resulting in multiple infections","Penyakit HIV yang mengakibatkan infeksi multiple"
"495","B209","HIV disease resulting in unspecified infectious or parasitic dise","Penyakit HIV yang mengakibatkan infeksi dan penyakit parasit tidak ters"
"496","B21","Human immunodeficiency virus [HIV] disease resulting in mali","Penyakit akibat virus yang melemahkan kekebalan tubuh manusia [HIV] y"
"497","B210","HIV disease resulting in Kaposis sarcoma","Penyakit HIV yang mengakibatkan sarkoma Kaposi"
"498","B211","HIV disease resulting in Burkitts lymphoma","Penyakit HIV yang mengakibatkan limfoma Burkitt"
"499","B212","HIV disease resulting in other types of non-Hodgkins lympho","Penyakit HIV yang mengakibatkan bentuk lain limfoma non-Hodgkins"
"500","B213","HIV disease resulting in other malignant neoplasms of lympho","Penyakit HIV yang mengakibatkan neoplasma ganas lain pada limfoid, h"
"501","B217","HIV disease resulting in multiple malignant neoplasms","Penyakit HIV yang mengakibatkan neoplasma ganas multiple"
"502","B218","HIV disease resulting in other malignant neoplasms","Penyakit HIV yang mengakibatkan neoplasma ganas lain"
"503","B219","HIV disease resulting in unspecified malignant neoplasm","Penyakit HIV yang mengakibatkan neoplasma ganas tidak terspesifikasi"
"504","B22","Human immunodeficiency virus [HIV] disease resulting in othe","Penyakit akibat virus yang melemahkan kekebalan tubuh manusia [HIV]"
"505","B220","HIV disease resulting in encephalopathy","Penyakit HIV yang mengakibatkan ensefalopati"
"506","B221","HIV disease resulting in lymphoid interstitial pneumonitis","Penyakit HIV yang mengakibatkan pneumonitis limfoid interstitial"
"507","B222","HIV disease resulting in wasting syndrome","? Penyakit HIV yang mengakibatkan sindrom wasting"
"508","B227","HIV disease resulting in multiple diseases classified elsewhere","Penyakit HIV yang mengakibatkan penyakit multiple terklasifikasi ditemp"
"509","B23","Human immunodeficiency virus [HIV] disease resulting in othe","Penyakit akibat virus yang melemahkan kekebalan tubuh manusia [HIV]"
"510","B230","Acute HIV infection syndrome","Sindrom infeksi HIV akut"
"511","B231","HIV disease resulting in (persistent) generalized lymphadenop","Penyakit HIV yang mengakibatkan limfadenopati general persistent"
"512","B232","HIV disease resulting in hematological and immunological abn","Penyakit HIV yang mengakibatkan kelainan hematologis dan imunologis"
"513","B238","HIV disease resulting in other specified conditions","Penyakit HIV yang mengakibatkan kondisi-kondisi spesifik lainnya"
"514","B24","Unspecified human immunodeficiency virus [HIV] disease","Penyakit akibat virus yang melemahkan kekebalan tubuh manusia [HIV] t"
"515","B25","Cytomegaloviral disease","Penyakit yang disebabkan oleh sitomegalovirus"
"516","B250","Cytomegaloviral pneumonitis","Pneumonitis yang disebabkan oleh sitomegalovirus"
"517","B251","Cytomegaloviral hepatitis","Hepatitis yang disebabkan oleh sitomegalovirus"
"518","B252","Cytomegaloviral pancreatitis","Pancreatitis yang disebabkan oleh sitomegalovirus"
"519","B258","Other cytomegaloviral diseases","Penyakit sitomegalovirus lainnya"
"520","B259","Cytomegaloviral disease, unspecified","Penyakit sitomegalovirus, tidak terspesifikasi"
"521","B26","Mumps","Mumps (gondongan, beguk)"
"522","B260","Mumps orchitis","Orkitis yang disebabkan oleh mumps (gondongan, beguk)"
"523","B261","Mumps meningitis","Meningitis yang disebabkan oleh mumps (gondongan, beguk)"
"524","B262","Mumps encephalitis","Ensefalitis yang disebabkan oleh mumps (gondongan, beguk)"
"525","B263","Mumps pancreatitis","Pancreatitis yang disebabkan oleh mumps (gondongan, beguk)"
"526","B268","Mumps with other complications","Mumps (gondongan, beguk) disertai komplikasi lain"
"527","B269","Mumps without complication","Mumps (gondongan, beguk) tanpa disertai komplikasi"
"528","B27","Infectious mononucleosis","Mononukleosis yang menular"
"529","B270","Gamma-herpes-viral mononucleosis","Mononukleosis yang disebabkan oleh herpes virus gamma"
"530","B271","Cytomegaloviral mononucleosis","Mononukleosis yang disebabkan oleh sitomegalovirus"
"531","B278","Other infectious mononucleosis","Infeksi mononukleosis lain"
"532","B279","Infectious mononucleosis, unspecified","Mononukleosis yang menular, tidak terspesifikasi"
"533","B30","Viral conjunctivitis","Konjungtivitis yang disebabkan oleh virus"
"534","B300","Keratoconjunctivitis due to adenovirus","Keratokonjungtivitis yang disebabkan oleh adenovirus"
"535","B301","Conjunctivitis due to adenovirus","Konjungtivitis yang disebabkan oleh adenovirus"
"536","B302","Viral pharyngoconjunctivitis","Faringokonjungtivitis yang disebabkan oleh virus"
"537","B303","Acute epidemic hemorrhagic conjunctivitis (enteroviral)","Konjungtivitis hemorrhagic epidemik akut (enterovirus)"
"538","B308","Other viral conjunctivitis","Konjungtivitis virus lainnya"
"539","B309","Viral conjunctivitis, unspecified","Konjungtivitis virus, tidak terspesifikasi"
"540","B33","Other viral diseases, not elsewhere classified","Penyakit-penyakit lain akibat virus, tidak terklasifikasi ditempat lain"
"541","B330","Epidemic myalgia","Myalgia epidemik"
"542","B331","Ross River disease","Penyakit Ross River"
"543","B332","Viral carditis","Karditis yang disebabkan oleh virus"
"544","B333","Retrovirus infections, not elsewhere classified","Infeksi retrovirus, tidak terklasifikasi ditempat lain"
"545","B338","Other specified viral diseases","Penyakit-penyakit spesifik lain yang disebabkan oleh virus"
"546","B34","Viral infection of unspecified site","Infeksi yang disebabkan oleh virus pada tempat yang tidak terspesifikasi"
"547","B340","Adenovirus infection, unspecified","Infeksi adenovirus, tidak terspesifikasi"
"548","B341","Enterovirus infection, unspecified","Infeksi enterovirus, tidak terspesifikasi"
"549","B342","Coronavirus infection, unspecified","Infeksi koronavirus, tidak terspesifikasi"
"550","B343","Parvovirus infection, unspecified","Infeksi parvovirus, tidak terspesifikasi"
"551","B344","Papovirus infection, unspecified","Infeksi papovirus, tidak terspesifikasi"
"552","B348","Other viral infections of unspecified site","Infeksi-infeksi virus lain pada tempat yang tidak terspesifikasi"
"553","B349","Viral infection, unspecified","Infeksi virus, tidak terspesifikasi"
"554","B35","Dermatophytosis","Dermatofitosis"
"555","B350","Tinea barbae and tinea capitis","Tinea barbae dan tinea capitis"
"556","B351","Tinea unguium","Tinea unguium"
"557","B352","Tinea manuum","Tinea manuum"
"558","B353","Tinea pedis","Tinea pedis"
"559","B354","Tinea corporis","Tinea korporis"
"560","B355","Tinea imbricata","Tinea imbricata"
"561","B356","Tinea cruris","Tinea cruris"
"562","B358","Other dermatophytoses","Dermatofitosis lainnya"
"563","B359","Dermatophytosis, unspecified","Dermatofitosis, tidak terspesifikasi"
"564","B36","Other superficial mycoses","Mikosis superfisial lainnya"
"565","B360","Pityriasis versicolor","Pityriasis versicolor"
"566","B361","Tinea nigra","Tinea hitam"
"567","B362","White piedra","Piedra putih"
"568","B363","Black piedra","Piedra hitam"
"569","B368","Other specified superficial mycoses","Mikosis superfisial spesifik lainnya"
"570","B369","Superficial mycosis, unspecified","Mikosis superfisial, tidak terspesifikasi"
"571","B37","Candidiasis","Candidiasis"
"572","B370","Candidal stomatitis","Stomatitis yang disebabkan oleh candida"
"573","B371","Pulmonary candidiasis","Candidiasis pada paru"
"574","B372","Candidiasis of skin and nail","Candidiasis pada kulit dan kuku"
"575","B373","Candidiasis of vulva and vagina","Candidiasis pada vulva dan vagina"
"576","B374","Candidiasis of other urogenital sites","Candidiasis pada tempat urogenital lain"
"577","B375","Candidal meningitis","Meningitis yang disebabkan oleh candida"
"578","B376","Candidal endocarditis","Endokarditis yang disebabkan oleh candida"
"579","B377","Candidal septicemia","Septikemia yang disebabkan oleh candida"
"580","B378","Candidiasis of other sites","Candidiasis pada tempat lain"
"581","B379","Candidiasis, unspecified","Candidiasis, tidak terspesifikasi"
"582","B38","Coccidioidomycosis","Koksidioidomikosis"
"583","B380","Acute pulmonary coccidioidomycosis","Koksidioidomikosis akut pada paru"
"584","B381","Chronic pulmonary coccidioidomycosis","Koksidioidomikosis kronik pada paru"
"585","B382","Pulmonary coccidioidomycosis, unspecified","Koksidioidomikosis pada paru, tidak terspesifikasi"
"586","B383","Cutaneous coccidioidomycosis","Koksidioidomikosis kutan"
"587","B384","Coccidioidomycosis meningitis","Meningitis yang disebabkan oleh koksidioidomikosis"
"588","B387","Disseminated coccidioidomycosis","Koksidioidomikosis yang meluas"
"589","B388","Other forms of coccidioidomycosis","Bentuk-bentuk lain dari koksidioidomikosis"
"590","B389","Coccidioidomycosis, unspecified","Koksidioidomikosis, tidak terspesifikasi"
"591","B39","Histoplasmosis","Histoplasmosis"
"592","B390","Acute pulmonary histoplasmosis capsulati","Histoplasmosis capsulati akut pada paru"
"593","B391","Chronic pulmonary histoplasmosis capsulati","Histoplasmosis capsulati kronik pada paru"
"594","B392","Pulmonary histoplasmosis capsulati, unspecified","Histoplasmosis capsulati pada paru, tidak terspesifikasi"
"595","B393","Disseminated histoplasmosis capsulati","Histoplasmosis capsulati yang meluas"
"596","B394","Histoplasmosis capsulati, unspecified","Histoplasmosis capsulati, tidak terspesifikasi"
"597","B395","Histoplasmosis duboisii","Histoplasmosis duboisii"
"598","B399","Histoplasmosis, unspecified","Histoplasmosis, tidak terspesifikasi"
"599","B40","Blastomycosis","Blastomikosis"
"600","B400","Acute pulmonary blastomycosis","Blastomikosis akut pada paru"
"601","B401","Chronic pulmonary blastomycosis","Blastomikosis kronik pada paru"
"602","B402","Pulmonary blastomycosis, unspecified","Blastomikosis pada paru, tidak terspesifikasi"
"603","B403","Cutaneous blastomycosis","Blastomikosis kutan"
"604","B407","Disseminated blastomycosis","Blastomikosis yang meluas"
"605","B408","Other forms of blastomycosis","Bentuk-bentuk lain dari blastomikosis"
"606","B409","Blastomycosis, unspecified","Blastomikosis, tidak terspesifikasi"
"607","B41","Paracoccidioidomycosis","Parakoksidioidomikosis"
"608","B410","Pulmonary paracoccidioidomycosis","Parakoksidioidomikosis pada paru"
"609","B417","Disseminated paracoccidioidomycosis","Parakoksidioidomikosis yang meluas"
"610","B418","Other forms of paracoccidioidomycosis","Bentuk-bentuk lain dari parakoksidioidomikosis"
"611","B419","Paracoccidioidomycosis, unspecified","Parakoksidioidomikosis, tidak terspesifikasi"
"612","B42","Sporotrichosis","Sporotrikosis"
"613","B420","Pulmonary sporotrichosis","Sporotrikosis pada paru"
"614","B421","Lymphocutaneous sporotrichosis","Sporotrikosis pada limfokutan"
"615","B427","Disseminated sporotrichosis","Sporotrikosis yang meluas"
"616","B428","Other forms of sporotrichosis","Bentuk-bentuk lain dari sporotrikosis"
"617","B429","Sporotrichosis, unspecified","Sporotrikosis, tidak terspesifikasi"
"618","B43","Chromomycosis and pheomycotic abscess","Kromomikosis dan abses faeomikotik"
"619","B430","Cutaneous chromomycosis","Kromomikosis kutan"
"620","B431","Pheomycotic brain abscess","Abses otak yang disebabkan oleh faeomikotik"
"621","B432","Subcutaneous pheomycotic abscess and cyst","Abses subkutan dan kista yang disebabkan oleh faeomikotik"
"622","B438","Other forms of chromomycosis","Bentuk-bentuk lain dari kromomikosis"
"623","B439","Chromomycosis, unspecified","Kromomikosis, tidak terspesifikasi"
"624","B44","Aspergillosis","Aspergillosis"
"625","B440","Invasive pulmonary aspergillosis","Aspergillosis invasif pada paru"
"626","B441","Other pulmonary aspergillosis","Aspergillosis pada paru lainnya"
"627","B442","Tonsillar aspergillosis","Aspergillosis pada tonsil"
"628","B447","Disseminated aspergillosis","Aspergillosis yang meluas"
"629","B448","Other forms of aspergillosis","Bentuk-bentuk lain dari aspergillosis"
"630","B449","Aspergillosis, unspecified","Aspergillosis, tidak terspesifikasi"
"631","B45","Cryptococcosis","Kriptokokosis"
"632","B450","Pulmonary cryptococcosis","Kriptokokosis pada paru"
"633","B451","Cerebral cryptococcosis","Kriptokokosis pada serebri"
"634","B452","Cutaneous cryptococcosis","Kriptokokosis pada kutan"
"635","B453","Osseous cryptococcosis","Kriptokokosis pada tulang"
"636","B457","Disseminated cryptococcosis","Kriptokokosis yang meluas"
"637","B458","Other forms of cryptococcosis","Bentuk-bentuk lain dari kriptokokosis"
"638","B459","Cryptococcosis, unspecified","Kriptokokosis, tidak terspesifikasi"
"639","B46","Zygomycosis","Zygomikosis"
"640","B460","Pulmonary mucormycosis","Mukormikosis pada paru"
"641","B461","Rhinocerebral mucormycosis","Mukormikosis pada rhinoserebri"
"642","B462","Gastrointestinal mucormycosis","Mukormikosis pada lambung usus"
"643","B463","Cutaneous mucormycosis","Mukormikosis pada kutan"
"644","B464","Disseminated mucormycosis","Mukormikosis yang meluas"
"645","B465","Mucormycosis, unspecified","Mukormikosis, tidak terspesifikasi"
"646","B468","Other zygomycoses","Zygomikosis lainnya"
"647","B469","Zygomycosis, unspecified","Zygomikosis, tidak terspesifikasi"
"648","B47","Mycetoma","Misetoma"
"649","B470","Eumycetoma","Eumisetoma"
"650","B471","Actinomycetoma","Aktinomisetoma"
"651","B479","Mycetoma, unspecified","Misetoma, tidak terspesifikasi"
"652","B48","Other mycoses, not elsewhere classified","Mikosis lain, tidak terklasifikasi ditempat lain"
"653","B480","Lobomycosis","Lobomikosis"
"654","B481","Rhinosporidiosis","Rhinosporidiosis"
"655","B482","Allescheriasis","Alleskeriasis"
"656","B483","Geotrichosis","Geotrikosis"
"657","B484","Penicillosis","Penisillosis"
"658","B487","Opportunistic mycoses","Mikosis oportunistik"
"659","B488","Other specified mycoses","Mikosis spesifik lainnya"
"660","B49","Unspecified mycosis","Mikosis tidak terspesifikasi"
"661","B50","Plasmodium falciparum malaria","Malaria Plasmodium falcifarum"
"662","B500","Plasmodium falciparum malaria with cerebral complications","Malaria Plasmodium falciparum dengan komplikasi serebral"
"663","B508","Other severe and complicated Plasmodium falciparum","malariaMalaria Plasmodium falciparum berat dan berkomplikasi lainnya"
"664","B509","Plasmodium falciparum malaria, unspecified","Malaria Plasmodium falciparum, tidak terspesifikasi"
"665","B51","Plasmodium vivax malaria","Malaria Plasmodium vivax"
"666","B510","Plasmodium vivax malaria with rupture of spleen","Malaria Plasmodium vivax dengan ruptur limpa"
"667","B518","Plasmodium vivax malaria with other complications","Malaria Plasmodium vivax dengan komplikasi lain"
"668","B519","Plasmodium vivax malaria without complication","Malaria Plasmodium vivax tanpa komplikasi"
"669","B52","Plasmodium malariae malaria","Malaria Plasmodium malariae"
"670","B520","Plasmodium malariae malaria with nephropathy","Malaria Plasmodium malariae dengan nefropati"
"671","B528","Plasmodium malariae malaria with other complications","Malaria Plasmodium malariae dengan komplikasi lain"
"672","B529","Plasmodium malariae malaria without complication","Malaria Plasmodium malariae tanpa komplikasi"
"673","B53","Other parasitologically confirmed malaria","Malaria yang terkonfirmasi parasitologis lainnya"
"674","B530","Plasmodium ovale malaria","Malaria Plasmodium ovale"
"675","B531","Malaria due to simian plasmodia","Malaria yang disebabkan oleh simian plasmodia"
"676","B538","Other parasitologically confirmed malaria, not elsewhere class","Malaria yang terkonfirmasi parasitologis lainnya, tidak terklasifikasi ditem"
"677","B54","Unspecified malaria","Malaria tidak terspesifikasi"
"678","B55","Leishmaniasis","Leishmaniasis"
"679","B550","Visceral leishmaniasis","Leishmaniasis visceral"
"680","B551","Cutaneous leishmaniasis","Leishmaniasis kutan"
"681","B552","Mucocutaneous leishmaniasis","Leishmaniasis mukokutan"
"682","B559","Leishmaniasis, unspecified","Leishmaniasis, tidak terspesifikasi"
"683","B56","African trypanosomiasis","Trypanosomiasis Afrika"
"684","B560","Gambiense trypanosomiasis","Trypanosomiasis Gambiense"
"685","B561","Rhodesiense trypanosomiasis","Trypanosomiasis Rhodesiense"
"686","B569","African trypanosomiasis, unspecified","Trypanosomiasis Afrika, tidak terspesifikasi"
"687","B57","Chagas disease","Penyakit Chagas"
"688","B570","Acute Chagas disease with heart involvement","Penyakit Chagas akut dengan keterlibatan jantung"
"689","B571","Acute Chagas disease without heart involvement","Penyakit Chagas akut tanpa keterlibatan jantung"
"690","B572","Chagas disease (chronic) with heart involvement","Penyakit Chagas kronik dengan keterlibatan jantung"
"691","B573","Chagas disease (chronic) with digestive system involvement","Penyakit Chagas kronik dengan keterlibatan sistem pencernaan"
"692","B574","Chagas disease (chronic) with nervous system involvement","Penyakit Chagas kronik dengan keterlibatan sistem saraf"
"693","B575","Chagas disease (chronic) with other organ involvement","Penyakit Chagas kronik dengan keterlibatan organ lain"
"694","B58","Toxoplasmosis","Toksoplasmosis"
"695","B580","Toxoplasma oculopathy","Toksoplasma okulopati"
"696","B581","Toxoplasma hepatitis","Toksoplasma hepatitis"
"697","B582","Toxoplasma meningoencephalitis","Toksoplasma meningoensefalitis"
"698","B583","Pulmonary toxoplasmosis","Toksoplasmosis pada paru"
"699","B588","Toxoplasmosis with other organ involvement","Toksoplasmosis dengan keterlibatan organ lain"
"700","B589","Toxoplasmosis, unspecified","Toksoplasmosis, tidak terspesifikasi"
"701","B59","Pneumocystosis","Pneumositosis"
"702","B60","Other protozoal diseases, not elsewhere classified","Penyakit yang disebabkan oleh protozoa lainnya, tidak terklasifikasi ditem"
"703","B600","Babesiosis","Babesiosis"
"704","B601","Acanthamebiasis","Akantamebiasis"
"705","B602","Negleriasis","Negleriasis"
"706","B608","Other specified protozoal diseases","Penyakit yang disebabkan oleh protozoa spesifik lainnya"
"707","B64","Unspecified protozoal disease","Penyakit yang disebabkan oleh protozoa tidak terspesifikasi"
"708","B65","Schistosomiasis [bilharziasis]","Skistosomiasis [bilharziasis]"
"709","B650","Schistosomiasis due to Schistosoma hematobium [urinary sch","Skistosomiasis yang disebabkan oleh Schistosoma hematobium [skistoso"
"710","B651","Schistosomiasis due to Schistosoma mansoni [intestinal schis","Skistosomiasis yang disebabkan oleh Schistosoma mansoni [skistosomia"
"711","B652","Schistosomiasis due to Schistosoma japonicum","Skistosomiasis yang disebabkan oleh Schistosoma japonicum"
"712","B653","Cercarial dermatitis","Dermatitis serkarial"
"713","B658","Other schistosomiases","Skistosomiasis lainnya"
"714","B659","Schistosomiasis, unspecified","Skistosomiasis, tidak terspesifikasi"
"715","B66","Other fluke infections","Infeksi lain yang disebabkan oleh cacing pita"
"716","B660","Opisthorchiasis","Opistorkiasis"
"717","B661","Clonorchiasis","Klonorkiasis"
"718","B662","Dicroceliasis","Dicroceliasis"
"719","B663","Fascioliasis","Faskioliasis"
"720","B664","Paragonimiasis","Paragonimiasis"
"721","B665","Fasciolopsiasis","Faskiolopsiasis"
"722","B668","Other specified fluke infections","Infeksi spesifik lain yang disebabkan oleh cacing pita"
"723","B669","Fluke infection, unspecified","Infeksi yang disebabkan oleh cacing pita, tidak terspesifikasi"
"724","B67","Echinococcosis","Ekinokokosis"
"725","B670","Echinococcus granulosus infection of liver","Infeksi Echinokokus granulosus pada hati"
"726","B671","Echinococcus granulosus infection of lung","Infeksi Echinokokus granulosus pada paru"
"727","B672","Echinococcus granulosus infection of bone","Infeksi Echinokokus granulosus pada tulang"
"728","B673","Echinococcus granulosus infection, other and multiple sites","Infeksi Echinokokus granulosus lain dan pada banyak tempat"
"729","B674","Echinococcus granulosus infection, unspecified","Infeksi Echinokokus granulosus, tidak terspesifikasi"
"730","B675","Echinococcus multilocularis infection of liver","Infeksi Echinokokus multilokularis pada hati"
"731","B676","Echinococcus multilocularis infection, other and multiple sites","Infeksi Echinokokus multilokularis lain dan pada banyak tempat"
"732","B677","Echinococcus multilocularis infection, unspecified","Infeksi Echinokokus multilokularis, tidak terspesifikasi"
"733","B678","Echinococcosis, unspecified, of liver","Ekinokokosis pada hati, tidak terspesifikasi"
"734","B679","Echinococcosis, other and unspecified","Ekinokokosis lain dan tidak terspesifikasi"
"735","B68","Teniasis","Teniasis"
"736","B680","Tenia solium teniasis","Teniasis Tenia solium"
"737","B681","Tenia saginata teniasis","Teniasis Tenia saginata"
"738","B689","Teniasis, unspecified","Teniasis, terspesifikasi"
"739","B69","Cysticercosis","Sistiserkosis"
"740","B690","Cysticercosis of central nervous system","Sistiserkosis pada sistem saraf pusat"
"741","B691","Cysticercosis of eye","Sistiserkosis pada mata"
"742","B698","Cysticercosis of other sites","Sistiserkosis pada tempat lain"
"743","B699","Cysticercosis, unspecified","Sistiserkosis, tidak terspesifikasi"
"744","B70","Diphyllobothriasis and sparganosis","Difillobotriasis dan sparganosis"
"745","B700","Diphyllobothriasis","Difillobotriasis"
"746","B701","Sparganosis","Sparganosis"
"747","B71","Other cestode infections","Infeksi cestode lainnya"
"748","B710","Hymenolepiasis","Himenolepiasis"
"749","B711","Dipylidiasis","Dipylidiasis"
"750","B718","Other specified cestode infections","Infeksi spesifik lain cestode"
"751","B719","Cestode infection, unspecified","Infeksi cestode, tidak terspesifikasi"
"752","B72","Dracunculiasis","Dracunculiasis"
"753","B73","Onchocerciasis","Onkocerciasis"
"754","B74","Filariasis","Filariasis"
"755","B740","Filariasis due to Wuchereria bancrofti","Filariasis yang disebabkan oleh Wuchereria bancrofti"
"756","B741","Filariasis due to Brugia malayi","Filariasis yang disebabkan oleh Brugia malayi"
"757","B742","Filariasis due to Brugia timori","Filariasis yang disebabkan oleh Brugia timor"
"758","B743","Loiasis","Loiasis"
"759","B744","Mansonelliasis","Mansonelliasis"
"760","B748","Other filariases","Filariasis lainnya"
"761","B749","Filariasis, unspecified","Filariasis, tidak terspesifikasi"
"762","B75","Trichinellosis","Trikinellosis"
"763","B76","Hookworm diseases","Penyakit yang disebabkan oleh cacing kait"
"764","B760","Ancylostomiasis","Ankilostomiasis"
"765","B761","Necatoriasis","Necatoriasis"
"766","B768","Other hookworm diseases","Penyakit lain yang disebabkan oleh cacing kait"
"767","B769","Hookworm disease, unspecified","Penyakit yang disebabkan oleh cacing kait, tidak terspesifikasi"
"768","B77","Ascariasis","Askariasis"
"769","B770","Ascariasis with intestinal complications","Askariasis dengan komplikasi pada usus"
"770","B778","Ascariasis with other complications","Askariasis dengan komplikasi lain"
"771","B779","Ascariasis, unspecified","Askariasis, tidak terspesifikasi"
"772","B78","Strongyloidiasis","Strongiloidiasis"
"773","B780","Intestinal strongyloidiasis","Strongiloidiasis pada usus"
"774","B781","Cutaneous strongyloidiasis","Strongiloidiasis pada kutan"
"775","B787","Disseminated strongyloidiasis","Strongiloidiasis yang meluas"
"776","B789","Strongyloidiasis, unspecified","Strongiloidiasis, tidak terspesifikasi"
"777","B79","Trichuriasis","Trikuriasis"
"778","B80","Enterobiasis","Enterobiasis"
"779","B81","Other intestinal helminthiases, not elsewhere classified","Helmintiasis usus lainnya, tidak terklasifikasi ditempat lain"
"780","B810","Anisakiasis","Anisakiasis"
"781","B811","Intestinal capillariasis","Kapillariasis pada usus"
"782","B812","Trichostrongyliasis","Trikostrongiliasis"
"783","B813","Intestinal angiostrongyliasis","Angiostrongiliasis pada usus"
"784","B814","Mixed intestinal helminthiases","Helmintiasis usus campuran"
"785","B818","Other specified intestinal helminthiases","Helmintiasis spesifik lain pada usus"
"786","B82","Unspecified intestinal parasitism","Parasit usus tidak terspesifikasi"
"787","B820","Intestinal helminthiasis, unspecified","Helmintiasis pada usus, tidak terspesifikasi"
"788","B829","Intestinal parasitism, unspecified","Parasit usus, tidak terspesifikasi"
"789","B83","Other helminthiases","Helmintiasis lain"
"790","B830","Visceral larva migrans","Larva migrans visceral"
"791","B831","Gnathostomiasis","Gnatostomiasis"
"792","B832","Angiostrongyliasis due to Parastrongylus cantonensis","Angiostrongiliasis yang disebabkan oleh Parastrongilus cantonensis"
"793","B833","Syngamiasis","Syngamiasis"
"794","B834","Internal hirudiniasis","Hirudiniasis dalam"
"795","B838","Other specified helminthiases","Helmintiasis spesifik lain"
"796","B839","Helminthiasis, unspecified","Helmintiasis, tidak terspesifikasi"
"797","B85","Pediculosis and phthiriasis","Pedikulosis dan ptiriasis"
"798","B850","Pediculosis due to Pediculus humanus capitis","Pedikulosis yang disebabkan oleh Pediculus humanus capitis"
"799","B851","Pediculosis due to Pediculus humanus corporis","Pedikulosis yang disebabkan oleh Pediculus humanus corporis"
"800","B852","Pediculosis, unspecified","Pedikulosis, tidak terspesifikasi"
"801","B853","Phthiriasis","Ptiriasis"
"802","B854","Mixed pediculosis and phthiriasis","Campuran pedikulosis dan ptiriasis"
"803","B86","Scabies","Skabies/Gudig"
"804","B87","Myiasis","Myiasis"
"805","B870","Cutaneous myiasis","Myiasis pada kutan"
"806","B871","Wound myiasis","Myiasis pada luka"
"807","B872","Ocular myiasis","Myiasis okular (mata)"
"808","B873","Nasopharyngeal myiasis","Myiasis nasofaring"
"809","B874","Aural myiasis","Myiasis pada telinga"
"810","B878","Myiasis of other sites","Myiasis pada tempat lain"
"811","B879","Myiasis, unspecified","Myiasis, tidak terspesifikasi"
"812","B88","Other infestations","Infestasi-infestasi lain"
"813","B880","Other acariasis","Akariasis lain"
"814","B881","Tungiasis [sand flea infestation]","Tungiasis [infestasi sand flea]"
"815","B882","Other arthropod infestations","Infestasi artropoda lainnya"
"816","B883","External hirudiniasis","Hirudiniasis luar"
"817","B888","Other specified infestations","Infestasi spesifik lainnya"
"818","B889","Infestation, unspecified","Infestasi, tidak terspesifikasi"
"819","B89","Unspecified parasitic disease","Penyakit yang disebabkan oleh parasit, tidak terspesifikasi"
"820","B90","Sequelae of tuberculosis","Sekuel tuberkulosis"
"821","B900","Sequelae of central nervous system tuberculosis","Sekuel tuberkulosis pada sistem saraf pusat"
"822","B901","Sequelae of genitourinary tuberculosis","Sekuel tuberkulosis pada genital-kemih"
"823","B902","Sequelae of tuberculosis of bones and joints","Sekuel tuberkulosis pada tulang dan sendi"
"824","B908","Sequelae of tuberculosis of other organs","Sekuel tuberkulosis pada organ-organ lain"
"825","B909","Sequelae of respiratory and unspecified tuberculosis","Sekuel tuberkulosis pada pernafasan dan tidak terspesifikasi"
"826","B91","Sequelae of poliomyelitis","Sekuel poliomielitis"
"827","B92","Sequelae of leprosy","Sekuel lepra"
"828","B940","Sequelae of trachoma","Sekuel trakoma"
"829","B941","Sequelae of viral encephalitis","Sekuel ensefalitis virus"
"830","B942","Sequelae of viral hepatitis","Sekuel hepatitis virus"
"831","B948","Sequelae of other specified infectious and parasitic diseases","Sekuel dari penyakit-penyakit infeksi dan parasit spesifik lain"
"832","B949","Sequelae of unspecified infectious or parasitic disease","Sekuel dari penyakit-penyakit infeksi dan parasit tidak terspesifikasi"
"833","B99","Other and unspecified infectious diseases","Penyakit-penyakit infeksi lain dan tidak terspesifikasi"
"834","C00","Malignant neoplasm of lip","Neoplasma ganas pada bibir"
"835","C000","External upper lip","Neoplasma ganas pada bibir atas"
"836","C001","External lower lip","Neoplasma ganas pada bibir bawah"
"837","C002","External lip, unspecified","Neoplasma ganas pada bibir luar, tidak terspesifikasi"
"838","C003","Upper lip, inner aspect","Neoplasma ganas pada bibir atas, aspek dalam"
"839","C004","Lower lip, inner aspect","Neoplasma ganas pada bibir bawah, aspek dalam"
"840","C005","Lip, unspecified, inner aspect","Neoplasma ganas pada bibir, tidak terspesifikasi, aspek dalam"
"841","C006","Commissure of lip","Neoplasma ganas pada komisura bibir"
"842","C008","Overlapping lesion of lip","Neoplasma ganas dengan lesi bertumpuk (overlap) pada bibir"
"843","C009","Lip, unspecified","Neoplasma ganas pada bibir, tidak terspesifikasi"
"844","C01","Malignant neoplasm of base of tongue","Neoplasma ganas di bawah lidah"
"845","C02","Malignant neoplasm of other and unspecified parts of tongue","Neoplasma ganas pada bagian lain dan tidak terspesifikasi dari lidah"
"846","C020","Dorsal surface of tongue","Neoplasma ganas pada permukaan bawah lidah"
"847","C021","Border of tongue","Neoplasma ganas pada pinggir lidah"
"848","C022","Ventral surface of tongue","Neoplasma ganas pada permukaan ventral lidah"
"849","C023","Anterior two-thirds of tongue, part unspecified","Neoplasma ganas pada dua per tiga depan lidah, bagian tidak terspesifik"
"850","C024","Lingual tonsil","? Neoplasma ganas pada tonsil bagian lidah"
"851","C028","Overlapping lesion of tongue","Neoplasma ganas dengan lesi bertumpuk (overlap) pada lidah"
"852","C029","Tongue, unspecified","Neoplasma ganas pada lidah, tidak terspesifikasi"
"853","C03","Malignant neoplasm of gum","Neoplasma ganas pada gusi"
"854","C030","Upper gum","Neoplasma ganas pada gusi atas"
"855","C031","Lower gum","Neoplasma ganas pada gusi bawah"
"856","C039","Gum, unspecified","Neoplasma ganas pada gusi, tidak terspesifikasi"
"857","C04","Malignant neoplasm of floor of mouth","Neoplasma ganas pada dasar mulut"
"858","C040","Anterior floor of mouth","Neoplasma ganas pada bagian depan dasar mulut"
"859","C041","Lateral floor of mouth","Neoplasma ganas pada bagian tepi dasar mulut"
"860","C048","Overlapping lesion of floor of mouth","Neoplasma ganas dengan lesi bertumpuk (overlap) pada dasar mulut"
"861","C049","Floor of mouth, unspecified","Neoplasma ganas pada dasar mulut, tidak terspesifikasi"
"862","C05","Malignant neoplasm of palate","Neoplasma ganas pada palate"
"863","C050","Hard palate","Neoplasma ganas pada palate keras"
"864","C051","Soft palate","Neoplasma ganas pada palate lunak"
"865","C052","Uvula","Neoplasma ganas pada uvula"
"866","C058","Overlapping lesion of palate","Neoplasma ganas dengan lesi bertumpuk (overlap) pada palate"
"867","C059","Palate, unspecified","Neoplasma ganas pada palate, tidak terspesifikasi"
"868","C06","Malignant neoplasm of other and unspecified parts of mouth","Neoplasma ganas pada bagian lain dan tidak terspesifikasi dari mulut"
"869","C060","Cheek mucosa","Neoplasma ganas pada mukosa pipi"
"870","C061","Vestibule of mouth","Neoplasma ganas pada vestibule mulut"
"871","C062","Retromolar area","Neoplasma ganas pada daerah retromolar"
"872","C068","Overlapping lesion of other and unspecified parts of mouth","Neoplasma ganas dengan lesi bertumpuk (overlap) pada bagian lain dan"
"873","C069","Mouth, unspecified","Neoplasma ganas pada mulut, tidak terspesifikasi"
"874","C07","Malignant neoplasm of parotid gland","Neoplasma ganas pada kelenjar parotis"
"875","C08","Malignant neoplasm of other and unspecified major salivary gl","Neoplasma ganas pada kelenjar saliva utama lain dan tidak terspesifikas"
"876","C080","Submandibular gland","Neoplasma ganas pada kelenjar submandibula"
"877","C081","Sublingual gland","Neoplasma ganas pada kelenjar sublingua"
"878","C088","Overlapping lesion of major salivary glands","Neoplasma ganas dengan lesi bertumpuk (overlap) pada kelenjar saliva"
"879","C089","Major salivary gland, unspecified","Neoplasma ganas pada kelenjar saliva utama, tidak terspesifikasi"
"880","C09","Malignant neoplasm of tonsil","Neoplasma ganas pada tonsil"
"881","C090","Tonsillar fossa","Neoplasma ganas pada fossa tonsil"
"882","C091","Tonsillar pillar (anterior) (posterior)","Neoplasma ganas pada pillar tonsil (anterior) (posterior)"
"883","C098","Overlapping lesion of tonsil","Neoplasma ganas dengan lesi bertumpuk (overlap) pada tonsil"
"884","C099","Tonsil, unspecified","Neoplasma ganas pada tonsil, tidak terspesifkasi"
"885","C10","Malignant neoplasm of oropharynx","Neoplasma ganas pada orofaring"
"886","C100","Vallecula","Neoplasma ganas pada vallekula"
"887","C101","Anterior surface of epiglottis","Neoplasma ganas pada permukaan anterior epiglottis"
"888","C102","Lateral wall of oropharynx","Neoplasma ganas pada dinding lateral orofaring"
"889","C103","Posterior wall of oropharynx","Neoplasma ganas pada dinding posterior orofaring"
"890","C104","Branchial cleft","Neoplasma ganas pada celah brankial"
"891","C108","Overlapping lesion of oropharynx","Neoplasma ganas dengan lesi bertumpuk (overlap) pada orofaring"
"892","C109","Oropharynx, unspecified","Neoplasma ganas pada orofaring, tidak terspesifikasi"
"893","C11","Malignant neoplasm of nasopharynx","Neoplasma ganas pada nasofaring"
"894","C110","Superior wall of nasopharynx","Neoplasma ganas pada dinding superior nasofaring"
"895","C111","Posterior wall of nasopharynx","Neoplasma ganas pada dinding posterior nasofaring"
"896","C112","Lateral wall of nasopharynx","Neoplasma ganas pada dinding lateral nasofaring"
"897","C113","Anterior wall of nasopharynx","Neoplasma ganas pada dinding depan nasofaring"
"898","C118","Overlapping lesion of nasopharynx","Neoplasma ganas dengan lesi bertumpuk (overlap) pada nasofaring"
"899","C119","Nasopharynx, unspecified","Neoplasma ganas pada nasofaring, tidak terspesifikasi"
"900","C12","Malignant neoplasm of pyriform sinus","Neoplasma ganas pada sinus pyriform"
"901","C13","Malignant neoplasm of hypopharynx","Neoplasma ganas pada hipofaring"
"902","C130","Postcricoid region","Neoplasma ganas pada regio postcrikoid"
"903","C131","Aryepiglottic fold, hypopharyngeal aspect","Neoplasma ganas pada lipatan aryepiglottis, aspek hipofaring"
"904","C132","Posterior wall of hypopharynx","Neoplasma ganas pada dinding posterior hipofaring"
"905","C138","Overlapping lesion of hypopharynx","Neoplasma ganas dengan lesi bertumpuk pada hipofaring"
"906","C139","Hypopharynx, unspecified","Neoplasma ganas pada hipofaring, tidak terspesifikasi"
"907","C14","Malignant neoplasm of other and ill-defined sites in the lip, ora","Neoplasma ganas di tempat lain dan ditetapkan sakit pada bibir, rongga"
"908","C140","Pharynx, unspecified","Neoplasma ganas pada faring, tidak terspesifikasi"
"909","C142","Waldeyers ring","Neoplasma ganas pada Waldayers ring"
"910","C148","Overlapping lesion of lip, oral cavity, and pharynx","Neoplasma ganas dengan lesi bertumpuk (overlap) pada bibir, rongga mu"
"911","C15","Malignant neoplasm of esophagus","Neoplasma ganas pada esofagus"
"912","C150","Cervical part of esophagus","Neoplasma ganas pada esofagus bagian leher"
"913","C151","Thoracic part of esophagus","Neoplasma ganas pada esofagus bagian dada"
"914","C152","Abdominal part of esophagus","Neoplasma ganas pada esofagus bagian perut"
"915","C153","Upper third of esophagus","Neoplasma ganas pada bagian sepertiga atas esofagus"
"916","C154","Middle third of esophagus","Neoplasma ganas pada bagian sepertiga tengah esofagus"
"917","C155","Lower third of esophagus","Neoplasma ganas pada bagian sepertiga bawah esofagus"
"918","C158","Overlapping lesion of esophagus","Neoplasma ganas dengan lesi bertumpuk (overlap) pada esofagus"
"919","C159","Esophagus, unspecified","Neoplasma ganas pada esofagus, tidak terspesifikasi"
"920","C16","Malignant neoplasm of stomach","Neoplasma ganas pada lambung"
"921","C160","Cardia","Neoplasma ganas pada kardia lambung"
"922","C161","Fundus of stomach","Neoplasma ganas pada fundus lambung"
"923","C162","Body of stomach","Neoplasma ganas pada tubuh lambung"
"924","C163","Pyloric antrum","Neoplasma ganas pada antrum pyloricum"
"925","C164","Pylorus","Neoplasma ganas pada pylorus"
"926","C165","Lesser curvature of stomach, unspecified","Neoplasma ganas pada curvature minor lambung, tidak terspesifikasi"
"927","C166","Greater curvature of stomach, unspecified","Neoplasma ganas pada curvature major lambung, tidak terspesifikasi"
"928","C168","Overlapping lesion of stomach","Neoplasma ganas dengan lesi bertumpuk (overlap) pada lambung"
"929","C169","Stomach, unspecified","Neoplasma ganas pada lambung, tidak terspesifikasi"
"930","C17","Malignant neoplasm of small intestine","Neoplasma ganas pada usus halus"
"931","C170","Duodenum","Neoplasma ganas pada duodenum"
"932","C171","Jejunum","Neoplasma ganas pada jejunum"
"933","C172","Ileum","Neoplasma ganas pada ileum"
"934","C173","Meckels diverticulum","Neoplasma ganas pada divertikulum Meckel"
"935","C178","Overlapping lesion of small intestine","Neoplasma ganas dengan lesi bertumpuk (overlap) pada usus halus"
"936","C179","Small intestine, unspecified","Neoplasma ganas pada usus halus, tidak terspesifikasi"
"937","C18","Malignant neoplasm of colon","Neoplasma ganas pada usus besar"
"938","C180","Cecum","Neoplasma ganas pada cecum"
"939","C181","Appendix","Neoplasma ganas pada appendiks"
"940","C182","Ascending colon","Neoplasma ganas pada usus besar ascenden"
"941","C183","Hepatic flexure","Neoplasma ganas pada usus besar bagian fleksura hepatik"
"942","C184","Transverse colon","Neoplasma ganas pada usus besar tranversa"
"943","C185","Splenic flexure","Neoplasma ganas pada usus besar bagian fleksura splenic"
"944","C186","Descending colon","Neoplasma ganas pada usus besar descenden"
"945","C187","Sigmoid colon","Neoplasma ganas pada usus besar sigmoid"
"946","C188","Overlapping lesion of colon","Neoplasma ganas dengan lesi bertumpuk (overlap) pada usus besar"
"947","C189","Colon, unspecified","Neoplasma ganas pada usus besar, tidak terspesifikasi"
"948","C19","Malignant neoplasm of rectosigmoid junction","Neoplasma ganas pada hubungan rektosigmoid"
"949","C20","Malignant neoplasm of rectum","Neoplasma ganas pada rektum"
"950","C21","Malignant neoplasm of anus and anal canal","Neoplasma ganas pada anus dan saluran anus"
"951","C210","Anus, unspecified","Neoplasma ganas pada anus, tidak terspesifikasi"
"952","C211","Anal canal","Neoplasma ganas pada saluran anus"
"953","C212","Cloacogenic zone","Neoplasma ganas pada zona kloakogenik"
"954","C218","Overlapping lesion of rectum, anus, and anal canal","Neoplasma ganas dengan lesi bertumpuk (overlap) pada rektum, anus da"
"955","C22","Malignant neoplasm of liver and intrahepatic bile ducts","Neoplasma ganas pada hati dan saluran empedu di dalam hati"
"956","C220","Liver cell carcinoma","Karsinoma sel hati"
"957","C221","Intrahepatic bile duct carcinoma","Karsinoma saluran empedu di dalam hati"
"958","C222","Hepatoblastoma","Hepatoblastoma"
"959","C223","Angiosarcoma of liver","Angiosarkoma pada hati"
"960","C224","Other sarcomas of liver","Sarkoma lain pada hati"
"961","C227","Other specified carcinomas of liver","Karsinoma spesifik lain pada hati"
"962","C229","Liver, unspecified","Karsinoma pada hati, tidak terspesifikasi"
"963","C23","Malignant neoplasm of gallbladder","Neoplasma ganas pada kandung empedu"
"964","C24","Malignant neoplasm of other and unspecified parts of biliary tr","Neoplasma ganas pada bagian lain dan tidak spesifik dari saluran emped"
"965","C240","Extrahepatic bile duct","Neoplasma ganas pada saluran empedu di luar hati"
"966","C241","Ampulla of Vater","Neoplasma ganas pada ampulla Vateri"
"967","C248","Overlapping lesion of biliary tract","Neoplasma ganas dengan lesi bertumpuk (overlap) pada saluran empedu"
"968","C249","Biliary tract, unspecified","Neoplasma ganas pada saluran empedu, tidak terspesifikasi"
"969","C25","Malignant neoplasm of pancreas","Neoplasma ganas pada pankreas"
"970","C250","Head of pancreas","Neoplasma ganas pada kepala pankreas"
"971","C251","Body of pancreas","Neoplasma ganas pada badan pankreas"
"972","C252","Tail of pancreas","Neoplasma ganas pada ekor pankreas"
"973","C253","Pancreatic duct","Neoplasma ganas pada saluran pankreas"
"974","C254","Endocrine pancreas","Neoplasma ganas pada endokrin pankreas"
"975","C257","Other parts of pancreas","Neoplasma ganas pada bagian lain pankreas"
"976","C258","Overlapping lesion of pancreas","Neoplasma ganas dengan lesi bertumpuk (overlap)"
"977","C259","Pancreas, unspecified","Neoplasma ganas pada pankreas, tidak terspesifikasi"
"978","C26","Malignant neoplasm of other and ill-defined digestive organs","Neoplasma ganas pada organ pencernaan lain dan ditetapkan sakit"
"979","C260","Intestinal tract, part unspecified","Neoplasma ganas pada saluran usus, bagian tidak terspesifikasi"
"980","C261","Spleen","Neoplasma ganas pada lien"
"981","C268","Overlapping lesion of digestive system","Neoplasma ganas dengan lesi bertumpuk (overlap) pada sistem pencern"
"982","C269","Ill-defined sites within the digestive system","Neoplasma ganas dengan sistem pencernaan sebagai tempat ditetapkan"
"983","C30","Malignant neoplasm of nasal cavity and middle ear","Neoplasma ganas pada rongga hidung dan telinga tengah"
"984","C300","Nasal cavity","Neoplasma ganas pada rongga hidung"
"985","C301","Middle ear","Neoplasma pada telinga tengah"
"986","C31","Malignant neoplasm of accessory sinuses","Neoplsama ganas pada sinus accessorius"
"987","C310","Maxillary sinus","Neoplasma ganas pada sinus maksillaris"
"988","C311","Ethmoidal sinus","Neoplasma ganas pada sinus etmoidalis"
"989","C312","Frontal sinus","Neoplasma ganas pada sinus frontalis"
"990","C313","Sphenoidal sinus","Neoplasma ganas pada sinus sfenoidalis"
"991","C318","Overlapping lesion of accessory sinuses","Neoplasma ganas dengan lesi bertumpuk (overlap) pada sinus accesoriu"
"992","C319","Accessory sinus, unspecified","Neoplasma ganas pada sinus accessorius, tidak terspesifikasi"
"993","C32","Malignant neoplasm of larynx","Neoplasma ganas pada laring"
"994","C320","Glottis","Neoplasma ganas pada glottis"
"995","C321","Supraglottis","Neoplasma ganas pada supraglottis"
"996","C322","Subglottis","Neoplasma ganas pada subglottis"
"997","C323","Laryngeal cartilage","Neoplasma ganas pada kartilago laring"
"998","C328","Overlapping lesion of larynx","Neoplasma ganas dengan lesi bertumpuk (overlap) pada laring"
"999","C329","Larynx, unspecified","Neoplasma ganas pada laring, tidak terspesifikasi"
"1000","C33","Malignant neoplasm of trachea","Neoplasma ganas pada trakea"
